{
  "timestamp": "2026-05-19T19:19:02.600287877+00:00",
  "dataset_dir": "/teamspace/studios/this_studio/nela/benchmark/beir/fiqa",
  "query_count": 6648,
  "doc_count": 57638,
  "results": [
    {
      "config": "bm25_only",
      "ndcg_at_10": 0.222910212200197,
      "map": 0.1819376018043176,
      "recall_at_100": 0.6759259259259259,
      "mrr": 0.2871734672491185,
      "avg_latency_ms": 4.5916461882716
    },
    {
      "config": "vector_only",
      "ndcg_at_10": 0.39116935222825405,
      "map": 0.3324229223126816,
      "recall_at_100": 0.8719135802469136,
      "mrr": 0.4776576440273588,
      "avg_latency_ms": 31.443257557098732
    },
    {
      "config": "hybrid",
      "ndcg_at_10": 0.37122052630728575,
      "map": 0.3079747014393849,
      "recall_at_100": 0.8626543209876543,
      "mrr": 0.45313897341611953,
      "avg_latency_ms": 35.13904166203706
    }
  ]
}