{
  "timestamp": "2026-05-19T19:17:54.824719983+00:00",
  "dataset_dir": "/teamspace/studios/this_studio/nela/benchmark/beir/nfcorpus",
  "query_count": 3237,
  "doc_count": 3633,
  "results": [
    {
      "config": "bm25_only",
      "ndcg_at_10": 0.30641069542491606,
      "map": 0.13655280421947677,
      "recall_at_100": 0.7616099071207431,
      "mrr": 0.5111029079065351,
      "avg_latency_ms": 2.10927779876161
    },
    {
      "config": "vector_only",
      "ndcg_at_10": 0.3691632641433503,
      "map": 0.17412805197905182,
      "recall_at_100": 0.8668730650154799,
      "mrr": 0.5817754889633999,
      "avg_latency_ms": 3.1683472321981423
    },
    {
      "config": "hybrid",
      "ndcg_at_10": 0.366897863269444,
      "map": 0.17615412565695884,
      "recall_at_100": 0.8606811145510835,
      "mrr": 0.5851314366998299,
      "avg_latency_ms": 3.5782386563467496
    }
  ]
}